,Filename,Accuracy
37,TreeFiles/TreeTraining/treeRandom37.dot,0.49101796407185627
542,TreeFiles/TreeTraining/tree542.dot,0.47305389221556887
843,TreeFiles/TreeTraining/tree843.dot,0.4341317365269461
18,TreeFiles/TreeTraining/treeRandom18.dot,0.4281437125748503
167,TreeFiles/TreeTraining/treeRandom167.dot,0.41916167664670656
853,TreeFiles/TreeTraining/tree853.dot,0.41317365269461076
719,TreeFiles/TreeTraining/treeRandom719.dot,0.41317365269461076
535,TreeFiles/TreeTraining/treeRandom535.dot,0.4101796407185629
1116,TreeFiles/TreeTraining/treeRandom1116.dot,0.40718562874251496
347,TreeFiles/TreeTraining/treeRandom347.dot,0.40718562874251496
1186,TreeFiles/TreeTraining/treeRandom1186.dot,0.39820359281437123
669,TreeFiles/TreeTraining/treeRandom669.dot,0.39820359281437123
609,TreeFiles/TreeTraining/treeRandom609.dot,0.39520958083832336
506,TreeFiles/TreeTraining/treeRandom506.dot,0.39520958083832336
875,TreeFiles/TreeTraining/treeRandom875.dot,0.39221556886227543
596,TreeFiles/TreeTraining/treeRandom596.dot,0.39221556886227543
966,TreeFiles/TreeTraining/treeRandom966.dot,0.38922155688622756
209,TreeFiles/TreeTraining/treeRandom209.dot,0.38922155688622756
336,TreeFiles/TreeTraining/treeRandom336.dot,0.38622754491017963
351,TreeFiles/TreeTraining/tree351.dot,0.38622754491017963
397,TreeFiles/TreeTraining/treeRandom397.dot,0.38323353293413176
320,TreeFiles/TreeTraining/tree320.dot,0.38023952095808383
505,TreeFiles/TreeTraining/treeRandom505.dot,0.3772455089820359
1006,TreeFiles/TreeTraining/treeRandom1006.dot,0.37425149700598803
610,TreeFiles/TreeTraining/tree610.dot,0.37425149700598803
844,TreeFiles/TreeTraining/tree844.dot,0.37425149700598803
1128,TreeFiles/TreeTraining/treeRandom1128.dot,0.3712574850299401
187,TreeFiles/TreeTraining/treeRandom187.dot,0.3712574850299401
1139,TreeFiles/TreeTraining/treeRandom1139.dot,0.3712574850299401
663,TreeFiles/TreeTraining/tree663.dot,0.36826347305389223
408,TreeFiles/TreeTraining/treeRandom408.dot,0.36826347305389223
738,TreeFiles/TreeTraining/treeRandom738.dot,0.36826347305389223
532,TreeFiles/TreeTraining/tree532.dot,0.36826347305389223
1017,TreeFiles/TreeTraining/treeRandom1017.dot,0.3652694610778443
1059,TreeFiles/TreeTraining/treeRandom1059.dot,0.3652694610778443
521,TreeFiles/TreeTraining/tree521.dot,0.3652694610778443
474,TreeFiles/TreeTraining/tree474.dot,0.3652694610778443
21,TreeFiles/TreeTraining/tree21.dot,0.3652694610778443
127,TreeFiles/TreeTraining/treeRandom127.dot,0.3652694610778443
631,TreeFiles/TreeTraining/tree631.dot,0.36227544910179643
580,TreeFiles/TreeTraining/tree580.dot,0.36227544910179643
870,TreeFiles/TreeTraining/tree870.dot,0.36227544910179643
782,TreeFiles/TreeTraining/tree782.dot,0.36227544910179643
570,TreeFiles/TreeTraining/tree570.dot,0.36227544910179643
562,TreeFiles/TreeTraining/tree562.dot,0.36227544910179643
543,TreeFiles/TreeTraining/tree543.dot,0.36227544910179643
3,TreeFiles/TreeTraining/tree3.dot,0.36227544910179643
1198,TreeFiles/TreeTraining/treeRandom1198.dot,0.36227544910179643
151,TreeFiles/TreeTraining/tree151.dot,0.3592814371257485
409,TreeFiles/TreeTraining/treeRandom409.dot,0.3592814371257485
977,TreeFiles/TreeTraining/treeRandom977.dot,0.3592814371257485
897,TreeFiles/TreeTraining/treeRandom897.dot,0.3592814371257485
436,TreeFiles/TreeTraining/treeRandom436.dot,0.3592814371257485
865,TreeFiles/TreeTraining/treeRandom865.dot,0.3592814371257485
458,TreeFiles/TreeTraining/treeRandom458.dot,0.3592814371257485
278,TreeFiles/TreeTraining/treeRandom278.dot,0.3592814371257485
205,TreeFiles/TreeTraining/treeRandom205.dot,0.3592814371257485
714,TreeFiles/TreeTraining/tree714.dot,0.3592814371257485
797,TreeFiles/TreeTraining/treeRandom797.dot,0.3592814371257485
262,TreeFiles/TreeTraining/tree262.dot,0.3592814371257485
236,TreeFiles/TreeTraining/treeRandom236.dot,0.3592814371257485
489,TreeFiles/TreeTraining/treeRandom489.dot,0.3592814371257485
692,TreeFiles/TreeTraining/tree692.dot,0.3562874251497006
713,TreeFiles/TreeTraining/tree713.dot,0.3562874251497006
712,TreeFiles/TreeTraining/tree712.dot,0.3562874251497006
594,TreeFiles/TreeTraining/tree594.dot,0.3562874251497006
591,TreeFiles/TreeTraining/tree591.dot,0.3562874251497006
584,TreeFiles/TreeTraining/tree584.dot,0.3562874251497006
227,TreeFiles/TreeTraining/treeRandom227.dot,0.3562874251497006
583,TreeFiles/TreeTraining/tree583.dot,0.3562874251497006
682,TreeFiles/TreeTraining/tree682.dot,0.3562874251497006
582,TreeFiles/TreeTraining/tree582.dot,0.3562874251497006
247,TreeFiles/TreeTraining/treeRandom247.dot,0.3562874251497006
581,TreeFiles/TreeTraining/tree581.dot,0.3562874251497006
684,TreeFiles/TreeTraining/tree684.dot,0.3562874251497006
939,TreeFiles/TreeTraining/treeRandom939.dot,0.3562874251497006
826,TreeFiles/TreeTraining/treeRandom826.dot,0.3562874251497006
369,TreeFiles/TreeTraining/treeRandom369.dot,0.3562874251497006
306,TreeFiles/TreeTraining/treeRandom306.dot,0.3562874251497006
634,TreeFiles/TreeTraining/tree634.dot,0.3562874251497006
1016,TreeFiles/TreeTraining/treeRandom1016.dot,0.3562874251497006
864,TreeFiles/TreeTraining/tree864.dot,0.3562874251497006
640,TreeFiles/TreeTraining/tree640.dot,0.3562874251497006
614,TreeFiles/TreeTraining/tree614.dot,0.3562874251497006
612,TreeFiles/TreeTraining/tree612.dot,0.3562874251497006
199,TreeFiles/TreeTraining/treeRandom199.dot,0.3562874251497006
303,TreeFiles/TreeTraining/tree303.dot,0.3562874251497006
633,TreeFiles/TreeTraining/tree633.dot,0.3562874251497006
651,TreeFiles/TreeTraining/tree651.dot,0.3562874251497006
652,TreeFiles/TreeTraining/tree652.dot,0.3562874251497006
654,TreeFiles/TreeTraining/tree654.dot,0.3562874251497006
757,TreeFiles/TreeTraining/treeRandom757.dot,0.3562874251497006
657,TreeFiles/TreeTraining/treeRandom657.dot,0.3562874251497006
896,TreeFiles/TreeTraining/treeRandom896.dot,0.3562874251497006
217,TreeFiles/TreeTraining/treeRandom217.dot,0.3562874251497006
504,TreeFiles/TreeTraining/tree504.dot,0.3562874251497006
693,TreeFiles/TreeTraining/tree693.dot,0.3562874251497006
96,TreeFiles/TreeTraining/treeRandom96.dot,0.3562874251497006
16,TreeFiles/TreeTraining/treeRandom16.dot,0.3562874251497006
425,TreeFiles/TreeTraining/treeRandom425.dot,0.3562874251497006
572,TreeFiles/TreeTraining/tree572.dot,0.3562874251497006
488,TreeFiles/TreeTraining/treeRandom488.dot,0.3562874251497006
552,TreeFiles/TreeTraining/tree552.dot,0.3562874251497006
551,TreeFiles/TreeTraining/tree551.dot,0.3562874251497006
76,TreeFiles/TreeTraining/treeRandom76.dot,0.3562874251497006
524,TreeFiles/TreeTraining/tree524.dot,0.3562874251497006
1090,TreeFiles/TreeTraining/tree1090.dot,0.3562874251497006
1042,TreeFiles/TreeTraining/tree1042.dot,0.3562874251497006
564,TreeFiles/TreeTraining/tree564.dot,0.3562874251497006
480,TreeFiles/TreeTraining/tree480.dot,0.3562874251497006
541,TreeFiles/TreeTraining/tree541.dot,0.3562874251497006
561,TreeFiles/TreeTraining/tree561.dot,0.3562874251497006
452,TreeFiles/TreeTraining/tree452.dot,0.3562874251497006
1166,TreeFiles/TreeTraining/treeRandom1166.dot,0.3562874251497006
25,TreeFiles/TreeTraining/treeRandom25.dot,0.3562874251497006
1145,TreeFiles/TreeTraining/treeRandom1145.dot,0.3562874251497006
553,TreeFiles/TreeTraining/tree553.dot,0.3562874251497006
2,TreeFiles/TreeTraining/tree2.dot,0.3562874251497006
491,TreeFiles/TreeTraining/tree491.dot,0.3562874251497006
1130,TreeFiles/TreeTraining/tree1130.dot,0.3562874251497006
512,TreeFiles/TreeTraining/tree512.dot,0.3562874251497006
540,TreeFiles/TreeTraining/tree540.dot,0.3562874251497006
1110,TreeFiles/TreeTraining/tree1110.dot,0.3562874251497006
1037,TreeFiles/TreeTraining/treeRandom1037.dot,0.3562874251497006
701,TreeFiles/TreeTraining/tree701.dot,0.3532934131736527
1112,TreeFiles/TreeTraining/tree1112.dot,0.3532934131736527
270,TreeFiles/TreeTraining/tree270.dot,0.3532934131736527
334,TreeFiles/TreeTraining/tree334.dot,0.3532934131736527
617,TreeFiles/TreeTraining/treeRandom617.dot,0.3532934131736527
169,TreeFiles/TreeTraining/treeRandom169.dot,0.3532934131736527
456,TreeFiles/TreeTraining/treeRandom456.dot,0.3532934131736527
795,TreeFiles/TreeTraining/treeRandom795.dot,0.3532934131736527
1168,TreeFiles/TreeTraining/treeRandom1168.dot,0.3532934131736527
674,TreeFiles/TreeTraining/tree674.dot,0.3532934131736527
339,TreeFiles/TreeTraining/treeRandom339.dot,0.3502994011976048
462,TreeFiles/TreeTraining/tree462.dot,0.3502994011976048
579,TreeFiles/TreeTraining/treeRandom579.dot,0.3502994011976048
604,TreeFiles/TreeTraining/tree604.dot,0.3502994011976048
670,TreeFiles/TreeTraining/tree670.dot,0.3502994011976048
910,TreeFiles/TreeTraining/tree910.dot,0.3502994011976048
119,TreeFiles/TreeTraining/treeRandom119.dot,0.3502994011976048
644,TreeFiles/TreeTraining/tree644.dot,0.3502994011976048
946,TreeFiles/TreeTraining/treeRandom946.dot,0.3502994011976048
881,TreeFiles/TreeTraining/tree881.dot,0.3473053892215569
550,TreeFiles/TreeTraining/tree550.dot,0.3473053892215569
554,TreeFiles/TreeTraining/tree554.dot,0.3473053892215569
1106,TreeFiles/TreeTraining/treeRandom1106.dot,0.3473053892215569
992,TreeFiles/TreeTraining/tree992.dot,0.3473053892215569
529,TreeFiles/TreeTraining/treeRandom529.dot,0.344311377245509
82,TreeFiles/TreeTraining/tree82.dot,0.344311377245509
1098,TreeFiles/TreeTraining/treeRandom1098.dot,0.344311377245509
166,TreeFiles/TreeTraining/treeRandom166.dot,0.344311377245509
622,TreeFiles/TreeTraining/tree622.dot,0.344311377245509
1147,TreeFiles/TreeTraining/treeRandom1147.dot,0.344311377245509
271,TreeFiles/TreeTraining/tree271.dot,0.344311377245509
104,TreeFiles/TreeTraining/tree104.dot,0.344311377245509
603,TreeFiles/TreeTraining/tree603.dot,0.344311377245509
1132,TreeFiles/TreeTraining/tree1132.dot,0.3413173652694611
283,TreeFiles/TreeTraining/tree283.dot,0.3413173652694611
177,TreeFiles/TreeTraining/treeRandom177.dot,0.3413173652694611
288,TreeFiles/TreeTraining/treeRandom288.dot,0.3413173652694611
353,TreeFiles/TreeTraining/tree353.dot,0.3413173652694611
942,TreeFiles/TreeTraining/tree942.dot,0.3413173652694611
576,TreeFiles/TreeTraining/treeRandom576.dot,0.3413173652694611
382,TreeFiles/TreeTraining/tree382.dot,0.3413173652694611
706,TreeFiles/TreeTraining/treeRandom706.dot,0.3413173652694611
138,TreeFiles/TreeTraining/treeRandom138.dot,0.3413173652694611
323,TreeFiles/TreeTraining/tree323.dot,0.3383233532934132
557,TreeFiles/TreeTraining/treeRandom557.dot,0.3383233532934132
585,TreeFiles/TreeTraining/treeRandom585.dot,0.3383233532934132
189,TreeFiles/TreeTraining/treeRandom189.dot,0.3383233532934132
680,TreeFiles/TreeTraining/tree680.dot,0.3383233532934132
63,TreeFiles/TreeTraining/tree63.dot,0.3383233532934132
426,TreeFiles/TreeTraining/treeRandom426.dot,0.3383233532934132
201,TreeFiles/TreeTraining/tree201.dot,0.33532934131736525
371,TreeFiles/TreeTraining/tree371.dot,0.33532934131736525
533,TreeFiles/TreeTraining/tree533.dot,0.3323353293413174
1159,TreeFiles/TreeTraining/treeRandom1159.dot,0.3323353293413174
1158,TreeFiles/TreeTraining/treeRandom1158.dot,0.3323353293413174
986,TreeFiles/TreeTraining/treeRandom986.dot,0.3323353293413174
228,TreeFiles/TreeTraining/treeRandom228.dot,0.32934131736526945
198,TreeFiles/TreeTraining/treeRandom198.dot,0.32934131736526945
350,TreeFiles/TreeTraining/tree350.dot,0.32934131736526945
911,TreeFiles/TreeTraining/tree911.dot,0.32934131736526945
241,TreeFiles/TreeTraining/tree241.dot,0.32934131736526945
1185,TreeFiles/TreeTraining/treeRandom1185.dot,0.32934131736526945
404,TreeFiles/TreeTraining/tree404.dot,0.3263473053892216
696,TreeFiles/TreeTraining/treeRandom696.dot,0.3263473053892216
642,TreeFiles/TreeTraining/tree642.dot,0.3263473053892216
575,TreeFiles/TreeTraining/treeRandom575.dot,0.3263473053892216
985,TreeFiles/TreeTraining/treeRandom985.dot,0.3263473053892216
342,TreeFiles/TreeTraining/tree342.dot,0.3263473053892216
872,TreeFiles/TreeTraining/tree872.dot,0.3263473053892216
145,TreeFiles/TreeTraining/treeRandom145.dot,0.3263473053892216
919,TreeFiles/TreeTraining/treeRandom919.dot,0.3263473053892216
571,TreeFiles/TreeTraining/tree571.dot,0.3263473053892216
470,TreeFiles/TreeTraining/tree470.dot,0.32335329341317365
1179,TreeFiles/TreeTraining/treeRandom1179.dot,0.32335329341317365
721,TreeFiles/TreeTraining/tree721.dot,0.32335329341317365
755,TreeFiles/TreeTraining/treeRandom755.dot,0.32335329341317365
1,TreeFiles/TreeTraining/tree1.dot,0.32335329341317365
454,TreeFiles/TreeTraining/tree454.dot,0.32335329341317365
787,TreeFiles/TreeTraining/treeRandom787.dot,0.32335329341317365
312,TreeFiles/TreeTraining/tree312.dot,0.32335329341317365
998,TreeFiles/TreeTraining/treeRandom998.dot,0.32335329341317365
340,TreeFiles/TreeTraining/tree340.dot,0.32335329341317365
676,TreeFiles/TreeTraining/treeRandom676.dot,0.3203592814371258
527,TreeFiles/TreeTraining/treeRandom527.dot,0.3203592814371258
362,TreeFiles/TreeTraining/tree362.dot,0.3203592814371258
368,TreeFiles/TreeTraining/treeRandom368.dot,0.3203592814371258
372,TreeFiles/TreeTraining/tree372.dot,0.3203592814371258
379,TreeFiles/TreeTraining/treeRandom379.dot,0.3203592814371258
384,TreeFiles/TreeTraining/tree384.dot,0.3203592814371258
269,TreeFiles/TreeTraining/treeRandom269.dot,0.3203592814371258
390,TreeFiles/TreeTraining/tree390.dot,0.3203592814371258
424,TreeFiles/TreeTraining/tree424.dot,0.3203592814371258
463,TreeFiles/TreeTraining/tree463.dot,0.3203592814371258
432,TreeFiles/TreeTraining/tree432.dot,0.3203592814371258
399,TreeFiles/TreeTraining/treeRandom399.dot,0.3203592814371258
678,TreeFiles/TreeTraining/treeRandom678.dot,0.3203592814371258
402,TreeFiles/TreeTraining/tree402.dot,0.3203592814371258
423,TreeFiles/TreeTraining/tree423.dot,0.3203592814371258
421,TreeFiles/TreeTraining/tree421.dot,0.3203592814371258
260,TreeFiles/TreeTraining/tree260.dot,0.3203592814371258
420,TreeFiles/TreeTraining/tree420.dot,0.3203592814371258
573,TreeFiles/TreeTraining/tree573.dot,0.3203592814371258
258,TreeFiles/TreeTraining/treeRandom258.dot,0.3203592814371258
687,TreeFiles/TreeTraining/treeRandom687.dot,0.3203592814371258
361,TreeFiles/TreeTraining/tree361.dot,0.3203592814371258
434,TreeFiles/TreeTraining/tree434.dot,0.3203592814371258
433,TreeFiles/TreeTraining/tree433.dot,0.3203592814371258
330,TreeFiles/TreeTraining/tree330.dot,0.3203592814371258
635,TreeFiles/TreeTraining/treeRandom635.dot,0.3203592814371258
549,TreeFiles/TreeTraining/treeRandom549.dot,0.3203592814371258
301,TreeFiles/TreeTraining/tree301.dot,0.3203592814371258
300,TreeFiles/TreeTraining/tree300.dot,0.3203592814371258
632,TreeFiles/TreeTraining/tree632.dot,0.3203592814371258
319,TreeFiles/TreeTraining/treeRandom319.dot,0.3203592814371258
321,TreeFiles/TreeTraining/tree321.dot,0.3203592814371258
322,TreeFiles/TreeTraining/tree322.dot,0.3203592814371258
624,TreeFiles/TreeTraining/tree624.dot,0.3203592814371258
414,TreeFiles/TreeTraining/tree414.dot,0.3203592814371258
354,TreeFiles/TreeTraining/tree354.dot,0.3203592814371258
618,TreeFiles/TreeTraining/treeRandom618.dot,0.3203592814371258
473,TreeFiles/TreeTraining/tree473.dot,0.3203592814371258
453,TreeFiles/TreeTraining/tree453.dot,0.3203592814371258
556,TreeFiles/TreeTraining/treeRandom556.dot,0.3203592814371258
280,TreeFiles/TreeTraining/tree280.dot,0.3203592814371258
442,TreeFiles/TreeTraining/tree442.dot,0.3203592814371258
439,TreeFiles/TreeTraining/treeRandom439.dot,0.3203592814371258
352,TreeFiles/TreeTraining/tree352.dot,0.3203592814371258
274,TreeFiles/TreeTraining/tree274.dot,0.3203592814371258
333,TreeFiles/TreeTraining/tree333.dot,0.3203592814371258
0,TreeFiles/TreeTraining/tree0.dot,0.3203592814371258
1125,TreeFiles/TreeTraining/treeRandom1125.dot,0.3203592814371258
732,TreeFiles/TreeTraining/tree732.dot,0.3203592814371258
33,TreeFiles/TreeTraining/tree33.dot,0.3203592814371258
28,TreeFiles/TreeTraining/treeRandom28.dot,0.3203592814371258
964,TreeFiles/TreeTraining/tree964.dot,0.3203592814371258
1117,TreeFiles/TreeTraining/treeRandom1117.dot,0.3203592814371258
748,TreeFiles/TreeTraining/treeRandom748.dot,0.3203592814371258
833,TreeFiles/TreeTraining/tree833.dot,0.3203592814371258
825,TreeFiles/TreeTraining/treeRandom825.dot,0.3203592814371258
1096,TreeFiles/TreeTraining/treeRandom1096.dot,0.3203592814371258
1027,TreeFiles/TreeTraining/treeRandom1027.dot,0.3203592814371258
243,TreeFiles/TreeTraining/tree243.dot,0.3203592814371258
244,TreeFiles/TreeTraining/tree244.dot,0.3203592814371258
77,TreeFiles/TreeTraining/treeRandom77.dot,0.3203592814371258
179,TreeFiles/TreeTraining/treeRandom179.dot,0.3203592814371258
699,TreeFiles/TreeTraining/treeRandom699.dot,0.3203592814371258
7,TreeFiles/TreeTraining/treeRandom7.dot,0.3203592814371258
780,TreeFiles/TreeTraining/tree780.dot,0.3203592814371258
105,TreeFiles/TreeTraining/treeRandom105.dot,0.3203592814371258
294,TreeFiles/TreeTraining/tree294.dot,0.31736526946107785
1068,TreeFiles/TreeTraining/treeRandom1068.dot,0.31736526946107785
1119,TreeFiles/TreeTraining/treeRandom1119.dot,0.31736526946107785
949,TreeFiles/TreeTraining/treeRandom949.dot,0.31736526946107785
364,TreeFiles/TreeTraining/tree364.dot,0.31736526946107785
728,TreeFiles/TreeTraining/treeRandom728.dot,0.31736526946107785
469,TreeFiles/TreeTraining/treeRandom469.dot,0.31736526946107785
273,TreeFiles/TreeTraining/tree273.dot,0.31736526946107785
36,TreeFiles/TreeTraining/treeRandom36.dot,0.3143712574850299
625,TreeFiles/TreeTraining/treeRandom625.dot,0.3143712574850299
68,TreeFiles/TreeTraining/treeRandom68.dot,0.3143712574850299
785,TreeFiles/TreeTraining/treeRandom785.dot,0.3143712574850299
918,TreeFiles/TreeTraining/treeRandom918.dot,0.3143712574850299
909,TreeFiles/TreeTraining/treeRandom909.dot,0.3143712574850299
395,TreeFiles/TreeTraining/treeRandom395.dot,0.3143712574850299
665,TreeFiles/TreeTraining/treeRandom665.dot,0.3143712574850299
1034,TreeFiles/TreeTraining/tree1034.dot,0.3143712574850299
377,TreeFiles/TreeTraining/treeRandom377.dot,0.3143712574850299
45,TreeFiles/TreeTraining/treeRandom45.dot,0.3143712574850299
81,TreeFiles/TreeTraining/tree81.dot,0.3143712574850299
899,TreeFiles/TreeTraining/treeRandom899.dot,0.31137724550898205
444,TreeFiles/TreeTraining/tree444.dot,0.31137724550898205
15,TreeFiles/TreeTraining/treeRandom15.dot,0.31137724550898205
87,TreeFiles/TreeTraining/treeRandom87.dot,0.31137724550898205
848,TreeFiles/TreeTraining/treeRandom848.dot,0.31137724550898205
1196,TreeFiles/TreeTraining/treeRandom1196.dot,0.31137724550898205
285,TreeFiles/TreeTraining/treeRandom285.dot,0.31137724550898205
298,TreeFiles/TreeTraining/treeRandom298.dot,0.31137724550898205
240,TreeFiles/TreeTraining/tree240.dot,0.31137724550898205
447,TreeFiles/TreeTraining/treeRandom447.dot,0.31137724550898205
503,TreeFiles/TreeTraining/tree503.dot,0.3083832335329341
316,TreeFiles/TreeTraining/treeRandom316.dot,0.3083832335329341
75,TreeFiles/TreeTraining/treeRandom75.dot,0.3083832335329341
64,TreeFiles/TreeTraining/tree64.dot,0.3083832335329341
1078,TreeFiles/TreeTraining/treeRandom1078.dot,0.3083832335329341
146,TreeFiles/TreeTraining/treeRandom146.dot,0.3083832335329341
366,TreeFiles/TreeTraining/treeRandom366.dot,0.3083832335329341
47,TreeFiles/TreeTraining/treeRandom47.dot,0.30538922155688625
443,TreeFiles/TreeTraining/tree443.dot,0.30538922155688625
775,TreeFiles/TreeTraining/treeRandom775.dot,0.30538922155688625
293,TreeFiles/TreeTraining/tree293.dot,0.30538922155688625
460,TreeFiles/TreeTraining/tree460.dot,0.30538922155688625
375,TreeFiles/TreeTraining/treeRandom375.dot,0.30538922155688625
261,TreeFiles/TreeTraining/tree261.dot,0.30538922155688625
328,TreeFiles/TreeTraining/treeRandom328.dot,0.30538922155688625
302,TreeFiles/TreeTraining/tree302.dot,0.3023952095808383
968,TreeFiles/TreeTraining/treeRandom968.dot,0.3023952095808383
313,TreeFiles/TreeTraining/tree313.dot,0.2994011976047904
445,TreeFiles/TreeTraining/treeRandom445.dot,0.2994011976047904
91,TreeFiles/TreeTraining/tree91.dot,0.2994011976047904
611,TreeFiles/TreeTraining/tree611.dot,0.2994011976047904
485,TreeFiles/TreeTraining/treeRandom485.dot,0.2994011976047904
681,TreeFiles/TreeTraining/tree681.dot,0.2994011976047904
974,TreeFiles/TreeTraining/tree974.dot,0.2964071856287425
251,TreeFiles/TreeTraining/tree251.dot,0.2964071856287425
803,TreeFiles/TreeTraining/tree803.dot,0.2964071856287425
299,TreeFiles/TreeTraining/treeRandom299.dot,0.2964071856287425
816,TreeFiles/TreeTraining/treeRandom816.dot,0.2934131736526946
107,TreeFiles/TreeTraining/treeRandom107.dot,0.2934131736526946
373,TreeFiles/TreeTraining/tree373.dot,0.2934131736526946
969,TreeFiles/TreeTraining/treeRandom969.dot,0.2934131736526946
724,TreeFiles/TreeTraining/tree724.dot,0.2934131736526946
891,TreeFiles/TreeTraining/tree891.dot,0.2934131736526946
496,TreeFiles/TreeTraining/treeRandom496.dot,0.2904191616766467
806,TreeFiles/TreeTraining/treeRandom806.dot,0.2904191616766467
195,TreeFiles/TreeTraining/treeRandom195.dot,0.2904191616766467
746,TreeFiles/TreeTraining/treeRandom746.dot,0.2904191616766467
593,TreeFiles/TreeTraining/tree593.dot,0.2874251497005988
246,TreeFiles/TreeTraining/treeRandom246.dot,0.2874251497005988
374,TreeFiles/TreeTraining/tree374.dot,0.2874251497005988
735,TreeFiles/TreeTraining/treeRandom735.dot,0.2874251497005988
422,TreeFiles/TreeTraining/tree422.dot,0.2874251497005988
867,TreeFiles/TreeTraining/treeRandom867.dot,0.2874251497005988
391,TreeFiles/TreeTraining/tree391.dot,0.2874251497005988
1043,TreeFiles/TreeTraining/tree1043.dot,0.2844311377245509
935,TreeFiles/TreeTraining/treeRandom935.dot,0.2844311377245509
1074,TreeFiles/TreeTraining/tree1074.dot,0.2844311377245509
237,TreeFiles/TreeTraining/treeRandom237.dot,0.2844311377245509
592,TreeFiles/TreeTraining/tree592.dot,0.2844311377245509
292,TreeFiles/TreeTraining/tree292.dot,0.2844311377245509
856,TreeFiles/TreeTraining/treeRandom856.dot,0.2844311377245509
479,TreeFiles/TreeTraining/treeRandom479.dot,0.281437125748503
226,TreeFiles/TreeTraining/treeRandom226.dot,0.281437125748503
822,TreeFiles/TreeTraining/tree822.dot,0.281437125748503
383,TreeFiles/TreeTraining/tree383.dot,0.281437125748503
62,TreeFiles/TreeTraining/tree62.dot,0.281437125748503
606,TreeFiles/TreeTraining/treeRandom606.dot,0.281437125748503
363,TreeFiles/TreeTraining/tree363.dot,0.281437125748503
392,TreeFiles/TreeTraining/tree392.dot,0.27844311377245506
983,TreeFiles/TreeTraining/tree983.dot,0.27844311377245506
103,TreeFiles/TreeTraining/tree103.dot,0.27844311377245506
967,TreeFiles/TreeTraining/treeRandom967.dot,0.27844311377245506
254,TreeFiles/TreeTraining/tree254.dot,0.27844311377245506
365,TreeFiles/TreeTraining/treeRandom365.dot,0.27844311377245506
814,TreeFiles/TreeTraining/tree814.dot,0.27844311377245506
282,TreeFiles/TreeTraining/tree282.dot,0.27844311377245506
768,TreeFiles/TreeTraining/treeRandom768.dot,0.27844311377245506
621,TreeFiles/TreeTraining/tree621.dot,0.27844311377245506
804,TreeFiles/TreeTraining/tree804.dot,0.2754491017964072
73,TreeFiles/TreeTraining/tree73.dot,0.2754491017964072
838,TreeFiles/TreeTraining/treeRandom838.dot,0.2754491017964072
810,TreeFiles/TreeTraining/tree810.dot,0.2754491017964072
511,TreeFiles/TreeTraining/tree511.dot,0.2754491017964072
1197,TreeFiles/TreeTraining/treeRandom1197.dot,0.2754491017964072
620,TreeFiles/TreeTraining/tree620.dot,0.27245508982035926
731,TreeFiles/TreeTraining/tree731.dot,0.27245508982035926
43,TreeFiles/TreeTraining/tree43.dot,0.27245508982035926
574,TreeFiles/TreeTraining/tree574.dot,0.2694610778443114
1026,TreeFiles/TreeTraining/treeRandom1026.dot,0.2694610778443114
245,TreeFiles/TreeTraining/treeRandom245.dot,0.26646706586826346
256,TreeFiles/TreeTraining/treeRandom256.dot,0.26646706586826346
559,TreeFiles/TreeTraining/treeRandom559.dot,0.26646706586826346
65,TreeFiles/TreeTraining/treeRandom65.dot,0.26646706586826346
778,TreeFiles/TreeTraining/treeRandom778.dot,0.26646706586826346
1114,TreeFiles/TreeTraining/tree1114.dot,0.26646706586826346
100,TreeFiles/TreeTraining/tree100.dot,0.2634730538922156
1115,TreeFiles/TreeTraining/treeRandom1115.dot,0.26047904191616766
887,TreeFiles/TreeTraining/treeRandom887.dot,0.26047904191616766
673,TreeFiles/TreeTraining/tree673.dot,0.25748502994011974
850,TreeFiles/TreeTraining/tree850.dot,0.25748502994011974
916,TreeFiles/TreeTraining/treeRandom916.dot,0.25748502994011974
1157,TreeFiles/TreeTraining/treeRandom1157.dot,0.25449101796407186
329,TreeFiles/TreeTraining/treeRandom329.dot,0.25149700598802394
255,TreeFiles/TreeTraining/treeRandom255.dot,0.25149700598802394
1024,TreeFiles/TreeTraining/tree1024.dot,0.25149700598802394
1075,TreeFiles/TreeTraining/treeRandom1075.dot,0.25149700598802394
393,TreeFiles/TreeTraining/tree393.dot,0.24850299401197604
523,TreeFiles/TreeTraining/tree523.dot,0.24850299401197604
441,TreeFiles/TreeTraining/tree441.dot,0.24550898203592814
157,TreeFiles/TreeTraining/treeRandom157.dot,0.24550898203592814
310,TreeFiles/TreeTraining/tree310.dot,0.24550898203592814
522,TreeFiles/TreeTraining/tree522.dot,0.24251497005988024
818,TreeFiles/TreeTraining/treeRandom818.dot,0.23952095808383234
250,TreeFiles/TreeTraining/tree250.dot,0.23952095808383234
110,TreeFiles/TreeTraining/tree110.dot,0.23652694610778444
387,TreeFiles/TreeTraining/treeRandom387.dot,0.23652694610778444
1178,TreeFiles/TreeTraining/treeRandom1178.dot,0.23652694610778444
483,TreeFiles/TreeTraining/tree483.dot,0.23353293413173654
1164,TreeFiles/TreeTraining/tree1164.dot,0.23353293413173654
1165,TreeFiles/TreeTraining/treeRandom1165.dot,0.23353293413173654
54,TreeFiles/TreeTraining/tree54.dot,0.23353293413173654
767,TreeFiles/TreeTraining/treeRandom767.dot,0.23353293413173654
597,TreeFiles/TreeTraining/treeRandom597.dot,0.23353293413173654
380,TreeFiles/TreeTraining/tree380.dot,0.23353293413173654
589,TreeFiles/TreeTraining/treeRandom589.dot,0.23353293413173654
727,TreeFiles/TreeTraining/treeRandom727.dot,0.23053892215568864
324,TreeFiles/TreeTraining/tree324.dot,0.23053892215568864
563,TreeFiles/TreeTraining/tree563.dot,0.23053892215568864
225,TreeFiles/TreeTraining/treeRandom225.dot,0.23053892215568864
525,TreeFiles/TreeTraining/treeRandom525.dot,0.2275449101796407
1182,TreeFiles/TreeTraining/tree1182.dot,0.2275449101796407
643,TreeFiles/TreeTraining/tree643.dot,0.2275449101796407
476,TreeFiles/TreeTraining/treeRandom476.dot,0.2275449101796407
531,TreeFiles/TreeTraining/tree531.dot,0.2275449101796407
994,TreeFiles/TreeTraining/tree994.dot,0.2275449101796407
344,TreeFiles/TreeTraining/tree344.dot,0.2245508982035928
908,TreeFiles/TreeTraining/treeRandom908.dot,0.2245508982035928
1082,TreeFiles/TreeTraining/tree1082.dot,0.2245508982035928
507,TreeFiles/TreeTraining/treeRandom507.dot,0.2215568862275449
22,TreeFiles/TreeTraining/tree22.dot,0.2215568862275449
975,TreeFiles/TreeTraining/treeRandom975.dot,0.2155688622754491
866,TreeFiles/TreeTraining/treeRandom866.dot,0.2155688622754491
59,TreeFiles/TreeTraining/treeRandom59.dot,0.2155688622754491
837,TreeFiles/TreeTraining/treeRandom837.dot,0.2155688622754491
520,TreeFiles/TreeTraining/tree520.dot,0.2155688622754491
85,TreeFiles/TreeTraining/treeRandom85.dot,0.2125748502994012
1088,TreeFiles/TreeTraining/treeRandom1088.dot,0.2125748502994012
482,TreeFiles/TreeTraining/tree482.dot,0.2125748502994012
286,TreeFiles/TreeTraining/treeRandom286.dot,0.2125748502994012
655,TreeFiles/TreeTraining/treeRandom655.dot,0.2125748502994012
326,TreeFiles/TreeTraining/treeRandom326.dot,0.20958083832335328
94,TreeFiles/TreeTraining/tree94.dot,0.20958083832335328
779,TreeFiles/TreeTraining/treeRandom779.dot,0.20958083832335328
769,TreeFiles/TreeTraining/treeRandom769.dot,0.20958083832335328
396,TreeFiles/TreeTraining/treeRandom396.dot,0.20658682634730538
345,TreeFiles/TreeTraining/treeRandom345.dot,0.20658682634730538
915,TreeFiles/TreeTraining/treeRandom915.dot,0.20658682634730538
406,TreeFiles/TreeTraining/treeRandom406.dot,0.20658682634730538
4,TreeFiles/TreeTraining/tree4.dot,0.20658682634730538
394,TreeFiles/TreeTraining/tree394.dot,0.20359281437125748
92,TreeFiles/TreeTraining/tree92.dot,0.20359281437125748
239,TreeFiles/TreeTraining/treeRandom239.dot,0.20359281437125748
429,TreeFiles/TreeTraining/treeRandom429.dot,0.20359281437125748
128,TreeFiles/TreeTraining/treeRandom128.dot,0.20359281437125748
877,TreeFiles/TreeTraining/treeRandom877.dot,0.20359281437125748
647,TreeFiles/TreeTraining/treeRandom647.dot,0.20059880239520958
852,TreeFiles/TreeTraining/tree852.dot,0.20059880239520958
367,TreeFiles/TreeTraining/treeRandom367.dot,0.20059880239520958
950,TreeFiles/TreeTraining/tree950.dot,0.20059880239520958
388,TreeFiles/TreeTraining/treeRandom388.dot,0.19760479041916168
615,TreeFiles/TreeTraining/treeRandom615.dot,0.19461077844311378
242,TreeFiles/TreeTraining/tree242.dot,0.19461077844311378
945,TreeFiles/TreeTraining/treeRandom945.dot,0.19461077844311378
490,TreeFiles/TreeTraining/tree490.dot,0.19461077844311378
10,TreeFiles/TreeTraining/tree10.dot,0.19461077844311378
671,TreeFiles/TreeTraining/tree671.dot,0.19161676646706588
869,TreeFiles/TreeTraining/treeRandom869.dot,0.19161676646706588
1063,TreeFiles/TreeTraining/tree1063.dot,0.19161676646706588
332,TreeFiles/TreeTraining/tree332.dot,0.19161676646706588
961,TreeFiles/TreeTraining/tree961.dot,0.18862275449101795
1008,TreeFiles/TreeTraining/treeRandom1008.dot,0.18862275449101795
1044,TreeFiles/TreeTraining/tree1044.dot,0.18862275449101795
1045,TreeFiles/TreeTraining/treeRandom1045.dot,0.18862275449101795
840,TreeFiles/TreeTraining/tree840.dot,0.18862275449101795
890,TreeFiles/TreeTraining/tree890.dot,0.18862275449101795
349,TreeFiles/TreeTraining/treeRandom349.dot,0.18562874251497005
539,TreeFiles/TreeTraining/treeRandom539.dot,0.18562874251497005
823,TreeFiles/TreeTraining/tree823.dot,0.18562874251497005
359,TreeFiles/TreeTraining/treeRandom359.dot,0.18562874251497005
357,TreeFiles/TreeTraining/treeRandom357.dot,0.18562874251497005
1071,TreeFiles/TreeTraining/tree1071.dot,0.18562874251497005
1123,TreeFiles/TreeTraining/tree1123.dot,0.18562874251497005
58,TreeFiles/TreeTraining/treeRandom58.dot,0.18562874251497005
528,TreeFiles/TreeTraining/treeRandom528.dot,0.18263473053892215
937,TreeFiles/TreeTraining/treeRandom937.dot,0.18263473053892215
202,TreeFiles/TreeTraining/tree202.dot,0.18263473053892215
314,TreeFiles/TreeTraining/tree314.dot,0.18263473053892215
1055,TreeFiles/TreeTraining/treeRandom1055.dot,0.18263473053892215
410,TreeFiles/TreeTraining/tree410.dot,0.18263473053892215
770,TreeFiles/TreeTraining/tree770.dot,0.18263473053892215
976,TreeFiles/TreeTraining/treeRandom976.dot,0.18263473053892215
216,TreeFiles/TreeTraining/treeRandom216.dot,0.18263473053892215
89,TreeFiles/TreeTraining/treeRandom89.dot,0.17964071856287425
586,TreeFiles/TreeTraining/treeRandom586.dot,0.17964071856287425
162,TreeFiles/TreeTraining/tree162.dot,0.17964071856287425
17,TreeFiles/TreeTraining/treeRandom17.dot,0.17964071856287425
858,TreeFiles/TreeTraining/treeRandom858.dot,0.17964071856287425
653,TreeFiles/TreeTraining/tree653.dot,0.17964071856287425
1175,TreeFiles/TreeTraining/treeRandom1175.dot,0.17664670658682635
600,TreeFiles/TreeTraining/tree600.dot,0.17664670658682635
356,TreeFiles/TreeTraining/treeRandom356.dot,0.17664670658682635
401,TreeFiles/TreeTraining/tree401.dot,0.17365269461077845
386,TreeFiles/TreeTraining/treeRandom386.dot,0.17365269461077845
616,TreeFiles/TreeTraining/treeRandom616.dot,0.17365269461077845
99,TreeFiles/TreeTraining/treeRandom99.dot,0.17365269461077845
1012,TreeFiles/TreeTraining/tree1012.dot,0.17365269461077845
723,TreeFiles/TreeTraining/tree723.dot,0.17365269461077845
437,TreeFiles/TreeTraining/treeRandom437.dot,0.17065868263473055
153,TreeFiles/TreeTraining/tree153.dot,0.17065868263473055
602,TreeFiles/TreeTraining/tree602.dot,0.17065868263473055
972,TreeFiles/TreeTraining/tree972.dot,0.17065868263473055
805,TreeFiles/TreeTraining/treeRandom805.dot,0.17065868263473055
801,TreeFiles/TreeTraining/tree801.dot,0.17065868263473055
741,TreeFiles/TreeTraining/tree741.dot,0.17065868263473055
907,TreeFiles/TreeTraining/treeRandom907.dot,0.16766467065868262
287,TreeFiles/TreeTraining/treeRandom287.dot,0.16766467065868262
839,TreeFiles/TreeTraining/treeRandom839.dot,0.16766467065868262
936,TreeFiles/TreeTraining/treeRandom936.dot,0.16467065868263472
80,TreeFiles/TreeTraining/tree80.dot,0.16467065868263472
159,TreeFiles/TreeTraining/treeRandom159.dot,0.16467065868263472
152,TreeFiles/TreeTraining/tree152.dot,0.16167664670658682
148,TreeFiles/TreeTraining/treeRandom148.dot,0.16167664670658682
419,TreeFiles/TreeTraining/treeRandom419.dot,0.16167664670658682
118,TreeFiles/TreeTraining/treeRandom118.dot,0.16167664670658682
1046,TreeFiles/TreeTraining/treeRandom1046.dot,0.16167664670658682
276,TreeFiles/TreeTraining/treeRandom276.dot,0.16167664670658682
233,TreeFiles/TreeTraining/tree233.dot,0.16167664670658682
1056,TreeFiles/TreeTraining/treeRandom1056.dot,0.16167664670658682
694,TreeFiles/TreeTraining/tree694.dot,0.15868263473053892
963,TreeFiles/TreeTraining/tree963.dot,0.15868263473053892
186,TreeFiles/TreeTraining/treeRandom186.dot,0.15868263473053892
501,TreeFiles/TreeTraining/tree501.dot,0.15868263473053892
224,TreeFiles/TreeTraining/tree224.dot,0.15868263473053892
817,TreeFiles/TreeTraining/treeRandom817.dot,0.15568862275449102
792,TreeFiles/TreeTraining/tree792.dot,0.15568862275449102
828,TreeFiles/TreeTraining/treeRandom828.dot,0.15568862275449102
450,TreeFiles/TreeTraining/tree450.dot,0.15568862275449102
221,TreeFiles/TreeTraining/tree221.dot,0.15568862275449102
275,TreeFiles/TreeTraining/treeRandom275.dot,0.15568862275449102
691,TreeFiles/TreeTraining/tree691.dot,0.15269461077844312
917,TreeFiles/TreeTraining/treeRandom917.dot,0.15269461077844312
789,TreeFiles/TreeTraining/treeRandom789.dot,0.15269461077844312
14,TreeFiles/TreeTraining/tree14.dot,0.15269461077844312
431,TreeFiles/TreeTraining/tree431.dot,0.15269461077844312
715,TreeFiles/TreeTraining/treeRandom715.dot,0.15269461077844312
90,TreeFiles/TreeTraining/tree90.dot,0.15269461077844312
131,TreeFiles/TreeTraining/tree131.dot,0.15269461077844312
895,TreeFiles/TreeTraining/treeRandom895.dot,0.15269461077844312
238,TreeFiles/TreeTraining/treeRandom238.dot,0.15269461077844312
281,TreeFiles/TreeTraining/tree281.dot,0.15269461077844312
1041,TreeFiles/TreeTraining/tree1041.dot,0.15269461077844312
1172,TreeFiles/TreeTraining/tree1172.dot,0.15269461077844312
51,TreeFiles/TreeTraining/tree51.dot,0.1497005988023952
67,TreeFiles/TreeTraining/treeRandom67.dot,0.1497005988023952
517,TreeFiles/TreeTraining/treeRandom517.dot,0.1497005988023952
486,TreeFiles/TreeTraining/treeRandom486.dot,0.1497005988023952
1155,TreeFiles/TreeTraining/treeRandom1155.dot,0.1497005988023952
526,TreeFiles/TreeTraining/treeRandom526.dot,0.1497005988023952
341,TreeFiles/TreeTraining/tree341.dot,0.1497005988023952
168,TreeFiles/TreeTraining/treeRandom168.dot,0.1497005988023952
1129,TreeFiles/TreeTraining/treeRandom1129.dot,0.1497005988023952
809,TreeFiles/TreeTraining/treeRandom809.dot,0.1497005988023952
296,TreeFiles/TreeTraining/treeRandom296.dot,0.1497005988023952
461,TreeFiles/TreeTraining/tree461.dot,0.1497005988023952
31,TreeFiles/TreeTraining/tree31.dot,0.1497005988023952
1118,TreeFiles/TreeTraining/treeRandom1118.dot,0.1467065868263473
711,TreeFiles/TreeTraining/tree711.dot,0.1467065868263473
700,TreeFiles/TreeTraining/tree700.dot,0.1467065868263473
46,TreeFiles/TreeTraining/treeRandom46.dot,0.1467065868263473
725,TreeFiles/TreeTraining/treeRandom725.dot,0.1467065868263473
1107,TreeFiles/TreeTraining/treeRandom1107.dot,0.1467065868263473
219,TreeFiles/TreeTraining/treeRandom219.dot,0.1467065868263473
661,TreeFiles/TreeTraining/tree661.dot,0.1467065868263473
19,TreeFiles/TreeTraining/treeRandom19.dot,0.1467065868263473
23,TreeFiles/TreeTraining/tree23.dot,0.1467065868263473
953,TreeFiles/TreeTraining/tree953.dot,0.1467065868263473
545,TreeFiles/TreeTraining/treeRandom545.dot,0.1437125748502994
1083,TreeFiles/TreeTraining/tree1083.dot,0.1437125748502994
927,TreeFiles/TreeTraining/treeRandom927.dot,0.1437125748502994
147,TreeFiles/TreeTraining/treeRandom147.dot,0.1437125748502994
440,TreeFiles/TreeTraining/tree440.dot,0.1437125748502994
560,TreeFiles/TreeTraining/tree560.dot,0.1437125748502994
190,TreeFiles/TreeTraining/tree190.dot,0.1437125748502994
577,TreeFiles/TreeTraining/treeRandom577.dot,0.1407185628742515
519,TreeFiles/TreeTraining/treeRandom519.dot,0.1407185628742515
358,TreeFiles/TreeTraining/treeRandom358.dot,0.1407185628742515
791,TreeFiles/TreeTraining/tree791.dot,0.1407185628742515
613,TreeFiles/TreeTraining/tree613.dot,0.1407185628742515
1092,TreeFiles/TreeTraining/tree1092.dot,0.1407185628742515
683,TreeFiles/TreeTraining/tree683.dot,0.1407185628742515
471,TreeFiles/TreeTraining/tree471.dot,0.1377245508982036
668,TreeFiles/TreeTraining/treeRandom668.dot,0.1377245508982036
1104,TreeFiles/TreeTraining/tree1104.dot,0.1377245508982036
279,TreeFiles/TreeTraining/treeRandom279.dot,0.1377245508982036
546,TreeFiles/TreeTraining/treeRandom546.dot,0.1377245508982036
659,TreeFiles/TreeTraining/treeRandom659.dot,0.1377245508982036
52,TreeFiles/TreeTraining/tree52.dot,0.1377245508982036
759,TreeFiles/TreeTraining/treeRandom759.dot,0.1377245508982036
1073,TreeFiles/TreeTraining/tree1073.dot,0.1377245508982036
1014,TreeFiles/TreeTraining/tree1014.dot,0.1377245508982036
745,TreeFiles/TreeTraining/treeRandom745.dot,0.1377245508982036
337,TreeFiles/TreeTraining/treeRandom337.dot,0.1347305389221557
1025,TreeFiles/TreeTraining/treeRandom1025.dot,0.1347305389221557
214,TreeFiles/TreeTraining/tree214.dot,0.1347305389221557
124,TreeFiles/TreeTraining/tree124.dot,0.1347305389221557
1028,TreeFiles/TreeTraining/treeRandom1028.dot,0.1347305389221557
708,TreeFiles/TreeTraining/treeRandom708.dot,0.1347305389221557
996,TreeFiles/TreeTraining/treeRandom996.dot,0.1347305389221557
515,TreeFiles/TreeTraining/treeRandom515.dot,0.1347305389221557
1053,TreeFiles/TreeTraining/tree1053.dot,0.1347305389221557
1149,TreeFiles/TreeTraining/treeRandom1149.dot,0.1347305389221557
207,TreeFiles/TreeTraining/treeRandom207.dot,0.1347305389221557
650,TreeFiles/TreeTraining/tree650.dot,0.1347305389221557
1120,TreeFiles/TreeTraining/tree1120.dot,0.1347305389221557
607,TreeFiles/TreeTraining/treeRandom607.dot,0.1347305389221557
493,TreeFiles/TreeTraining/tree493.dot,0.1347305389221557
268,TreeFiles/TreeTraining/treeRandom268.dot,0.1347305389221557
311,TreeFiles/TreeTraining/tree311.dot,0.1317365269461078
53,TreeFiles/TreeTraining/tree53.dot,0.1317365269461078
259,TreeFiles/TreeTraining/treeRandom259.dot,0.1317365269461078
660,TreeFiles/TreeTraining/tree660.dot,0.1317365269461078
1109,TreeFiles/TreeTraining/treeRandom1109.dot,0.1317365269461078
212,TreeFiles/TreeTraining/tree212.dot,0.1317365269461078
766,TreeFiles/TreeTraining/treeRandom766.dot,0.1317365269461078
1100,TreeFiles/TreeTraining/tree1100.dot,0.1317365269461078
999,TreeFiles/TreeTraining/treeRandom999.dot,0.1317365269461078
690,TreeFiles/TreeTraining/tree690.dot,0.1317365269461078
1150,TreeFiles/TreeTraining/tree1150.dot,0.1317365269461078
739,TreeFiles/TreeTraining/treeRandom739.dot,0.1317365269461078
1009,TreeFiles/TreeTraining/treeRandom1009.dot,0.1317365269461078
588,TreeFiles/TreeTraining/treeRandom588.dot,0.1317365269461078
1023,TreeFiles/TreeTraining/tree1023.dot,0.1317365269461078
1141,TreeFiles/TreeTraining/tree1141.dot,0.1317365269461078
1081,TreeFiles/TreeTraining/tree1081.dot,0.1317365269461078
1077,TreeFiles/TreeTraining/treeRandom1077.dot,0.1317365269461078
980,TreeFiles/TreeTraining/tree980.dot,0.1317365269461078
448,TreeFiles/TreeTraining/treeRandom448.dot,0.1317365269461078
752,TreeFiles/TreeTraining/tree752.dot,0.1317365269461078
627,TreeFiles/TreeTraining/treeRandom627.dot,0.1317365269461078
1000,TreeFiles/TreeTraining/tree1000.dot,0.12874251497005987
12,TreeFiles/TreeTraining/tree12.dot,0.12874251497005987
492,TreeFiles/TreeTraining/tree492.dot,0.12874251497005987
86,TreeFiles/TreeTraining/treeRandom86.dot,0.12874251497005987
958,TreeFiles/TreeTraining/treeRandom958.dot,0.12874251497005987
1085,TreeFiles/TreeTraining/treeRandom1085.dot,0.12874251497005987
1033,TreeFiles/TreeTraining/tree1033.dot,0.12874251497005987
257,TreeFiles/TreeTraining/treeRandom257.dot,0.12874251497005987
1066,TreeFiles/TreeTraining/treeRandom1066.dot,0.12874251497005987
697,TreeFiles/TreeTraining/treeRandom697.dot,0.12874251497005987
72,TreeFiles/TreeTraining/tree72.dot,0.12874251497005987
1038,TreeFiles/TreeTraining/treeRandom1038.dot,0.12874251497005987
117,TreeFiles/TreeTraining/treeRandom117.dot,0.12874251497005987
1101,TreeFiles/TreeTraining/tree1101.dot,0.12874251497005987
685,TreeFiles/TreeTraining/treeRandom685.dot,0.12874251497005987
777,TreeFiles/TreeTraining/treeRandom777.dot,0.12874251497005987
213,TreeFiles/TreeTraining/tree213.dot,0.12874251497005987
464,TreeFiles/TreeTraining/tree464.dot,0.12874251497005987
981,TreeFiles/TreeTraining/tree981.dot,0.12874251497005987
948,TreeFiles/TreeTraining/treeRandom948.dot,0.12874251497005987
601,TreeFiles/TreeTraining/tree601.dot,0.12874251497005987
1131,TreeFiles/TreeTraining/tree1131.dot,0.12874251497005987
1133,TreeFiles/TreeTraining/tree1133.dot,0.12874251497005987
1135,TreeFiles/TreeTraining/treeRandom1135.dot,0.12874251497005987
619,TreeFiles/TreeTraining/treeRandom619.dot,0.12874251497005987
1143,TreeFiles/TreeTraining/tree1143.dot,0.12874251497005987
137,TreeFiles/TreeTraining/treeRandom137.dot,0.12874251497005987
1140,TreeFiles/TreeTraining/tree1140.dot,0.12874251497005987
385,TreeFiles/TreeTraining/treeRandom385.dot,0.12874251497005987
1192,TreeFiles/TreeTraining/tree1192.dot,0.12874251497005987
1022,TreeFiles/TreeTraining/tree1022.dot,0.12574850299401197
1160,TreeFiles/TreeTraining/tree1160.dot,0.12574850299401197
417,TreeFiles/TreeTraining/treeRandom417.dot,0.12574850299401197
1020,TreeFiles/TreeTraining/tree1020.dot,0.12574850299401197
415,TreeFiles/TreeTraining/treeRandom415.dot,0.12574850299401197
1060,TreeFiles/TreeTraining/tree1060.dot,0.12574850299401197
868,TreeFiles/TreeTraining/treeRandom868.dot,0.12574850299401197
835,TreeFiles/TreeTraining/treeRandom835.dot,0.12574850299401197
178,TreeFiles/TreeTraining/treeRandom178.dot,0.12574850299401197
1061,TreeFiles/TreeTraining/tree1061.dot,0.12574850299401197
1062,TreeFiles/TreeTraining/tree1062.dot,0.12574850299401197
208,TreeFiles/TreeTraining/treeRandom208.dot,0.12574850299401197
1019,TreeFiles/TreeTraining/treeRandom1019.dot,0.12574850299401197
547,TreeFiles/TreeTraining/treeRandom547.dot,0.12574850299401197
1134,TreeFiles/TreeTraining/tree1134.dot,0.12574850299401197
954,TreeFiles/TreeTraining/tree954.dot,0.12574850299401197
1018,TreeFiles/TreeTraining/treeRandom1018.dot,0.12574850299401197
1058,TreeFiles/TreeTraining/treeRandom1058.dot,0.12574850299401197
1153,TreeFiles/TreeTraining/tree1153.dot,0.12574850299401197
218,TreeFiles/TreeTraining/treeRandom218.dot,0.12574850299401197
536,TreeFiles/TreeTraining/treeRandom536.dot,0.12574850299401197
215,TreeFiles/TreeTraining/treeRandom215.dot,0.12574850299401197
389,TreeFiles/TreeTraining/treeRandom389.dot,0.12574850299401197
289,TreeFiles/TreeTraining/treeRandom289.dot,0.12574850299401197
590,TreeFiles/TreeTraining/tree590.dot,0.12574850299401197
587,TreeFiles/TreeTraining/treeRandom587.dot,0.12574850299401197
1173,TreeFiles/TreeTraining/tree1173.dot,0.12574850299401197
1072,TreeFiles/TreeTraining/tree1072.dot,0.12574850299401197
1015,TreeFiles/TreeTraining/treeRandom1015.dot,0.12574850299401197
5,TreeFiles/TreeTraining/treeRandom5.dot,0.12574850299401197
1171,TreeFiles/TreeTraining/tree1171.dot,0.12574850299401197
405,TreeFiles/TreeTraining/treeRandom405.dot,0.12574850299401197
1070,TreeFiles/TreeTraining/tree1070.dot,0.12574850299401197
200,TreeFiles/TreeTraining/tree200.dot,0.12574850299401197
6,TreeFiles/TreeTraining/treeRandom6.dot,0.12574850299401197
1151,TreeFiles/TreeTraining/tree1151.dot,0.12574850299401197
855,TreeFiles/TreeTraining/treeRandom855.dot,0.12574850299401197
435,TreeFiles/TreeTraining/treeRandom435.dot,0.12574850299401197
808,TreeFiles/TreeTraining/treeRandom808.dot,0.12574850299401197
1154,TreeFiles/TreeTraining/tree1154.dot,0.12574850299401197
438,TreeFiles/TreeTraining/treeRandom438.dot,0.12574850299401197
1051,TreeFiles/TreeTraining/tree1051.dot,0.12574850299401197
1050,TreeFiles/TreeTraining/tree1050.dot,0.12574850299401197
973,TreeFiles/TreeTraining/tree973.dot,0.12574850299401197
197,TreeFiles/TreeTraining/treeRandom197.dot,0.12574850299401197
1183,TreeFiles/TreeTraining/tree1183.dot,0.12574850299401197
1048,TreeFiles/TreeTraining/treeRandom1048.dot,0.12574850299401197
1174,TreeFiles/TreeTraining/tree1174.dot,0.12574850299401197
508,TreeFiles/TreeTraining/treeRandom508.dot,0.12574850299401197
1030,TreeFiles/TreeTraining/tree1030.dot,0.12574850299401197
499,TreeFiles/TreeTraining/treeRandom499.dot,0.12574850299401197
960,TreeFiles/TreeTraining/tree960.dot,0.12574850299401197
857,TreeFiles/TreeTraining/treeRandom857.dot,0.12574850299401197
1052,TreeFiles/TreeTraining/tree1052.dot,0.12574850299401197
1040,TreeFiles/TreeTraining/tree1040.dot,0.12574850299401197
566,TreeFiles/TreeTraining/treeRandom566.dot,0.12574850299401197
799,TreeFiles/TreeTraining/treeRandom799.dot,0.12574850299401197
1054,TreeFiles/TreeTraining/tree1054.dot,0.12574850299401197
796,TreeFiles/TreeTraining/treeRandom796.dot,0.12574850299401197
194,TreeFiles/TreeTraining/tree194.dot,0.12574850299401197
794,TreeFiles/TreeTraining/tree794.dot,0.12574850299401197
1161,TreeFiles/TreeTraining/tree1161.dot,0.12574850299401197
569,TreeFiles/TreeTraining/treeRandom569.dot,0.12574850299401197
430,TreeFiles/TreeTraining/tree430.dot,0.12574850299401197
876,TreeFiles/TreeTraining/treeRandom876.dot,0.12574850299401197
788,TreeFiles/TreeTraining/treeRandom788.dot,0.12574850299401197
129,TreeFiles/TreeTraining/treeRandom129.dot,0.12574850299401197
786,TreeFiles/TreeTraining/treeRandom786.dot,0.12574850299401197
1057,TreeFiles/TreeTraining/treeRandom1057.dot,0.12574850299401197
906,TreeFiles/TreeTraining/treeRandom906.dot,0.12574850299401197
116,TreeFiles/TreeTraining/treeRandom116.dot,0.12574850299401197
1093,TreeFiles/TreeTraining/tree1093.dot,0.12574850299401197
1099,TreeFiles/TreeTraining/treeRandom1099.dot,0.12574850299401197
901,TreeFiles/TreeTraining/tree901.dot,0.12574850299401197
481,TreeFiles/TreeTraining/tree481.dot,0.12574850299401197
1189,TreeFiles/TreeTraining/treeRandom1189.dot,0.12574850299401197
990,TreeFiles/TreeTraining/tree990.dot,0.12574850299401197
912,TreeFiles/TreeTraining/tree912.dot,0.12574850299401197
889,TreeFiles/TreeTraining/treeRandom889.dot,0.12574850299401197
991,TreeFiles/TreeTraining/tree991.dot,0.12574850299401197
1091,TreeFiles/TreeTraining/tree1091.dot,0.12574850299401197
327,TreeFiles/TreeTraining/treeRandom327.dot,0.12574850299401197
478,TreeFiles/TreeTraining/treeRandom478.dot,0.12574850299401197
1094,TreeFiles/TreeTraining/tree1094.dot,0.12574850299401197
1194,TreeFiles/TreeTraining/tree1194.dot,0.12574850299401197
702,TreeFiles/TreeTraining/tree702.dot,0.12574850299401197
106,TreeFiles/TreeTraining/treeRandom106.dot,0.12574850299401197
325,TreeFiles/TreeTraining/treeRandom325.dot,0.12574850299401197
1111,TreeFiles/TreeTraining/tree1111.dot,0.12574850299401197
1113,TreeFiles/TreeTraining/tree1113.dot,0.12574850299401197
48,TreeFiles/TreeTraining/treeRandom48.dot,0.12574850299401197
1003,TreeFiles/TreeTraining/tree1003.dot,0.12574850299401197
894,TreeFiles/TreeTraining/tree894.dot,0.12574850299401197
629,TreeFiles/TreeTraining/treeRandom629.dot,0.12574850299401197
477,TreeFiles/TreeTraining/treeRandom477.dot,0.12574850299401197
55,TreeFiles/TreeTraining/treeRandom55.dot,0.12574850299401197
346,TreeFiles/TreeTraining/treeRandom346.dot,0.12574850299401197
718,TreeFiles/TreeTraining/treeRandom718.dot,0.12574850299401197
223,TreeFiles/TreeTraining/tree223.dot,0.12574850299401197
295,TreeFiles/TreeTraining/treeRandom295.dot,0.12574850299401197
109,TreeFiles/TreeTraining/treeRandom109.dot,0.12574850299401197
378,TreeFiles/TreeTraining/treeRandom378.dot,0.12574850299401197
1124,TreeFiles/TreeTraining/tree1124.dot,0.12574850299401197
599,TreeFiles/TreeTraining/treeRandom599.dot,0.12574850299401197
1013,TreeFiles/TreeTraining/tree1013.dot,0.12574850299401197
971,TreeFiles/TreeTraining/tree971.dot,0.12574850299401197
662,TreeFiles/TreeTraining/tree662.dot,0.12574850299401197
472,TreeFiles/TreeTraining/tree472.dot,0.12574850299401197
468,TreeFiles/TreeTraining/treeRandom468.dot,0.12574850299401197
664,TreeFiles/TreeTraining/tree664.dot,0.12574850299401197
291,TreeFiles/TreeTraining/tree291.dot,0.12574850299401197
729,TreeFiles/TreeTraining/treeRandom729.dot,0.12574850299401197
898,TreeFiles/TreeTraining/treeRandom898.dot,0.12574850299401197
304,TreeFiles/TreeTraining/tree304.dot,0.12574850299401197
667,TreeFiles/TreeTraining/treeRandom667.dot,0.12574850299401197
1122,TreeFiles/TreeTraining/tree1122.dot,0.12574850299401197
1121,TreeFiles/TreeTraining/tree1121.dot,0.12574850299401197
648,TreeFiles/TreeTraining/treeRandom648.dot,0.12574850299401197
672,TreeFiles/TreeTraining/tree672.dot,0.12574850299401197
1086,TreeFiles/TreeTraining/treeRandom1086.dot,0.12574850299401197
1087,TreeFiles/TreeTraining/treeRandom1087.dot,0.12574850299401197
1039,TreeFiles/TreeTraining/treeRandom1039.dot,0.12275449101796407
11,TreeFiles/TreeTraining/tree11.dot,0.12275449101796407
136,TreeFiles/TreeTraining/treeRandom136.dot,0.12275449101796407
965,TreeFiles/TreeTraining/treeRandom965.dot,0.12275449101796407
997,TreeFiles/TreeTraining/treeRandom997.dot,0.12275449101796407
305,TreeFiles/TreeTraining/treeRandom305.dot,0.12275449101796407
1127,TreeFiles/TreeTraining/treeRandom1127.dot,0.12275449101796407
764,TreeFiles/TreeTraining/tree764.dot,0.12275449101796407
1084,TreeFiles/TreeTraining/tree1084.dot,0.12275449101796407
253,TreeFiles/TreeTraining/tree253.dot,0.12275449101796407
71,TreeFiles/TreeTraining/tree71.dot,0.12275449101796407
229,TreeFiles/TreeTraining/treeRandom229.dot,0.12275449101796407
56,TreeFiles/TreeTraining/treeRandom56.dot,0.12275449101796407
154,TreeFiles/TreeTraining/tree154.dot,0.12275449101796407
222,TreeFiles/TreeTraining/tree222.dot,0.12275449101796407
115,TreeFiles/TreeTraining/treeRandom115.dot,0.12275449101796407
95,TreeFiles/TreeTraining/treeRandom95.dot,0.11976047904191617
978,TreeFiles/TreeTraining/treeRandom978.dot,0.11976047904191617
141,TreeFiles/TreeTraining/tree141.dot,0.11976047904191617
988,TreeFiles/TreeTraining/treeRandom988.dot,0.11976047904191617
173,TreeFiles/TreeTraining/tree173.dot,0.11976047904191617
956,TreeFiles/TreeTraining/treeRandom956.dot,0.11976047904191617
174,TreeFiles/TreeTraining/tree174.dot,0.11976047904191617
150,TreeFiles/TreeTraining/tree150.dot,0.11976047904191617
113,TreeFiles/TreeTraining/tree113.dot,0.11976047904191617
1032,TreeFiles/TreeTraining/tree1032.dot,0.11976047904191617
846,TreeFiles/TreeTraining/treeRandom846.dot,0.11976047904191617
880,TreeFiles/TreeTraining/tree880.dot,0.11976047904191617
847,TreeFiles/TreeTraining/treeRandom847.dot,0.11976047904191617
993,TreeFiles/TreeTraining/tree993.dot,0.11976047904191617
140,TreeFiles/TreeTraining/tree140.dot,0.11976047904191617
938,TreeFiles/TreeTraining/treeRandom938.dot,0.11976047904191617
859,TreeFiles/TreeTraining/treeRandom859.dot,0.11976047904191617
163,TreeFiles/TreeTraining/tree163.dot,0.11976047904191617
943,TreeFiles/TreeTraining/tree943.dot,0.11976047904191617
920,TreeFiles/TreeTraining/tree920.dot,0.11976047904191617
161,TreeFiles/TreeTraining/tree161.dot,0.11976047904191617
135,TreeFiles/TreeTraining/treeRandom135.dot,0.11976047904191617
888,TreeFiles/TreeTraining/treeRandom888.dot,0.11976047904191617
114,TreeFiles/TreeTraining/tree114.dot,0.11976047904191617
1001,TreeFiles/TreeTraining/tree1001.dot,0.11976047904191617
1005,TreeFiles/TreeTraining/treeRandom1005.dot,0.11976047904191617
13,TreeFiles/TreeTraining/tree13.dot,0.11976047904191617
1010,TreeFiles/TreeTraining/tree1010.dot,0.11976047904191617
123,TreeFiles/TreeTraining/tree123.dot,0.11976047904191617
112,TreeFiles/TreeTraining/tree112.dot,0.11976047904191617
1004,TreeFiles/TreeTraining/tree1004.dot,0.11976047904191617
502,TreeFiles/TreeTraining/tree502.dot,0.11976047904191617
175,TreeFiles/TreeTraining/treeRandom175.dot,0.11976047904191617
49,TreeFiles/TreeTraining/treeRandom49.dot,0.11976047904191617
638,TreeFiles/TreeTraining/treeRandom638.dot,0.11976047904191617
1193,TreeFiles/TreeTraining/tree1193.dot,0.11976047904191617
1108,TreeFiles/TreeTraining/treeRandom1108.dot,0.11976047904191617
284,TreeFiles/TreeTraining/tree284.dot,0.11976047904191617
264,TreeFiles/TreeTraining/tree264.dot,0.11976047904191617
252,TreeFiles/TreeTraining/tree252.dot,0.11976047904191617
249,TreeFiles/TreeTraining/treeRandom249.dot,0.11976047904191617
1095,TreeFiles/TreeTraining/treeRandom1095.dot,0.11976047904191617
705,TreeFiles/TreeTraining/treeRandom705.dot,0.11976047904191617
1089,TreeFiles/TreeTraining/treeRandom1089.dot,0.11976047904191617
234,TreeFiles/TreeTraining/tree234.dot,0.11976047904191617
232,TreeFiles/TreeTraining/tree232.dot,0.11976047904191617
716,TreeFiles/TreeTraining/treeRandom716.dot,0.11976047904191617
231,TreeFiles/TreeTraining/tree231.dot,0.11976047904191617
734,TreeFiles/TreeTraining/tree734.dot,0.11976047904191617
637,TreeFiles/TreeTraining/treeRandom637.dot,0.11976047904191617
623,TreeFiles/TreeTraining/tree623.dot,0.11976047904191617
1080,TreeFiles/TreeTraining/tree1080.dot,0.11976047904191617
44,TreeFiles/TreeTraining/tree44.dot,0.11976047904191617
24,TreeFiles/TreeTraining/tree24.dot,0.11976047904191617
26,TreeFiles/TreeTraining/treeRandom26.dot,0.11976047904191617
487,TreeFiles/TreeTraining/treeRandom487.dot,0.11976047904191617
534,TreeFiles/TreeTraining/tree534.dot,0.11976047904191617
538,TreeFiles/TreeTraining/treeRandom538.dot,0.11976047904191617
467,TreeFiles/TreeTraining/treeRandom467.dot,0.11976047904191617
555,TreeFiles/TreeTraining/treeRandom555.dot,0.11976047904191617
567,TreeFiles/TreeTraining/treeRandom567.dot,0.11976047904191617
34,TreeFiles/TreeTraining/tree34.dot,0.11976047904191617
1137,TreeFiles/TreeTraining/treeRandom1137.dot,0.11976047904191617
416,TreeFiles/TreeTraining/treeRandom416.dot,0.11976047904191617
411,TreeFiles/TreeTraining/tree411.dot,0.11976047904191617
39,TreeFiles/TreeTraining/treeRandom39.dot,0.11976047904191617
370,TreeFiles/TreeTraining/tree370.dot,0.11976047904191617
42,TreeFiles/TreeTraining/tree42.dot,0.11976047904191617
737,TreeFiles/TreeTraining/treeRandom737.dot,0.11976047904191617
60,TreeFiles/TreeTraining/tree60.dot,0.11976047904191617
192,TreeFiles/TreeTraining/tree192.dot,0.11976047904191617
69,TreeFiles/TreeTraining/treeRandom69.dot,0.11976047904191617
813,TreeFiles/TreeTraining/tree813.dot,0.11976047904191617
183,TreeFiles/TreeTraining/tree183.dot,0.11976047904191617
203,TreeFiles/TreeTraining/tree203.dot,0.11976047904191617
765,TreeFiles/TreeTraining/treeRandom765.dot,0.11976047904191617
758,TreeFiles/TreeTraining/treeRandom758.dot,0.11976047904191617
790,TreeFiles/TreeTraining/tree790.dot,0.11976047904191617
84,TreeFiles/TreeTraining/tree84.dot,0.11976047904191617
1036,TreeFiles/TreeTraining/treeRandom1036.dot,0.11976047904191617
27,TreeFiles/TreeTraining/treeRandom27.dot,0.11676646706586827
182,TreeFiles/TreeTraining/tree182.dot,0.11676646706586827
497,TreeFiles/TreeTraining/treeRandom497.dot,0.11676646706586827
1031,TreeFiles/TreeTraining/tree1031.dot,0.11676646706586827
558,TreeFiles/TreeTraining/treeRandom558.dot,0.11676646706586827
20,TreeFiles/TreeTraining/tree20.dot,0.11676646706586827
1169,TreeFiles/TreeTraining/treeRandom1169.dot,0.11676646706586827
191,TreeFiles/TreeTraining/tree191.dot,0.11676646706586827
860,TreeFiles/TreeTraining/tree860.dot,0.11676646706586827
134,TreeFiles/TreeTraining/tree134.dot,0.11676646706586827
74,TreeFiles/TreeTraining/tree74.dot,0.11676646706586827
102,TreeFiles/TreeTraining/tree102.dot,0.11676646706586827
995,TreeFiles/TreeTraining/treeRandom995.dot,0.11676646706586827
465,TreeFiles/TreeTraining/treeRandom465.dot,0.11676646706586827
675,TreeFiles/TreeTraining/treeRandom675.dot,0.11676646706586827
57,TreeFiles/TreeTraining/treeRandom57.dot,0.11676646706586827
267,TreeFiles/TreeTraining/treeRandom267.dot,0.11676646706586827
70,TreeFiles/TreeTraining/tree70.dot,0.11676646706586827
144,TreeFiles/TreeTraining/tree144.dot,0.11676646706586827
749,TreeFiles/TreeTraining/treeRandom749.dot,0.11676646706586827
824,TreeFiles/TreeTraining/tree824.dot,0.11377245508982035
181,TreeFiles/TreeTraining/tree181.dot,0.11377245508982035
125,TreeFiles/TreeTraining/treeRandom125.dot,0.11377245508982035
923,TreeFiles/TreeTraining/tree923.dot,0.11377245508982035
331,TreeFiles/TreeTraining/tree331.dot,0.11377245508982035
934,TreeFiles/TreeTraining/tree934.dot,0.11377245508982035
143,TreeFiles/TreeTraining/tree143.dot,0.11377245508982035
132,TreeFiles/TreeTraining/tree132.dot,0.11377245508982035
315,TreeFiles/TreeTraining/treeRandom315.dot,0.11377245508982035
688,TreeFiles/TreeTraining/treeRandom688.dot,0.11377245508982035
204,TreeFiles/TreeTraining/tree204.dot,0.11377245508982035
863,TreeFiles/TreeTraining/tree863.dot,0.11377245508982035
773,TreeFiles/TreeTraining/tree773.dot,0.11377245508982035
987,TreeFiles/TreeTraining/treeRandom987.dot,0.11377245508982035
210,TreeFiles/TreeTraining/tree210.dot,0.11077844311377245
1029,TreeFiles/TreeTraining/treeRandom1029.dot,0.11077844311377245
1181,TreeFiles/TreeTraining/tree1181.dot,0.11077844311377245
184,TreeFiles/TreeTraining/tree184.dot,0.11077844311377245
941,TreeFiles/TreeTraining/tree941.dot,0.11077844311377245
32,TreeFiles/TreeTraining/tree32.dot,0.11077844311377245
695,TreeFiles/TreeTraining/treeRandom695.dot,0.11077844311377245
947,TreeFiles/TreeTraining/treeRandom947.dot,0.11077844311377245
1156,TreeFiles/TreeTraining/treeRandom1156.dot,0.11077844311377245
756,TreeFiles/TreeTraining/treeRandom756.dot,0.11077844311377245
776,TreeFiles/TreeTraining/treeRandom776.dot,0.11077844311377245
1167,TreeFiles/TreeTraining/treeRandom1167.dot,0.11077844311377245
265,TreeFiles/TreeTraining/treeRandom265.dot,0.11077844311377245
1191,TreeFiles/TreeTraining/tree1191.dot,0.11077844311377245
230,TreeFiles/TreeTraining/tree230.dot,0.11077844311377245
645,TreeFiles/TreeTraining/treeRandom645.dot,0.11077844311377245
171,TreeFiles/TreeTraining/tree171.dot,0.10778443113772455
962,TreeFiles/TreeTraining/tree962.dot,0.10778443113772455
548,TreeFiles/TreeTraining/treeRandom548.dot,0.10778443113772455
120,TreeFiles/TreeTraining/tree120.dot,0.10778443113772455
500,TreeFiles/TreeTraining/tree500.dot,0.10778443113772455
1136,TreeFiles/TreeTraining/treeRandom1136.dot,0.10778443113772455
61,TreeFiles/TreeTraining/tree61.dot,0.10778443113772455
126,TreeFiles/TreeTraining/treeRandom126.dot,0.10778443113772455
220,TreeFiles/TreeTraining/tree220.dot,0.10778443113772455
130,TreeFiles/TreeTraining/tree130.dot,0.10778443113772455
815,TreeFiles/TreeTraining/treeRandom815.dot,0.10778443113772455
933,TreeFiles/TreeTraining/tree933.dot,0.10778443113772455
41,TreeFiles/TreeTraining/tree41.dot,0.10778443113772455
636,TreeFiles/TreeTraining/treeRandom636.dot,0.10778443113772455
781,TreeFiles/TreeTraining/tree781.dot,0.10479041916167664
744,TreeFiles/TreeTraining/tree744.dot,0.10479041916167664
641,TreeFiles/TreeTraining/tree641.dot,0.10479041916167664
307,TreeFiles/TreeTraining/treeRandom307.dot,0.10479041916167664
1011,TreeFiles/TreeTraining/tree1011.dot,0.10479041916167664
626,TreeFiles/TreeTraining/treeRandom626.dot,0.10479041916167664
193,TreeFiles/TreeTraining/tree193.dot,0.10479041916167664
343,TreeFiles/TreeTraining/tree343.dot,0.10479041916167664
494,TreeFiles/TreeTraining/tree494.dot,0.10479041916167664
979,TreeFiles/TreeTraining/treeRandom979.dot,0.10479041916167664
348,TreeFiles/TreeTraining/treeRandom348.dot,0.10479041916167664
188,TreeFiles/TreeTraining/treeRandom188.dot,0.10479041916167664
381,TreeFiles/TreeTraining/tree381.dot,0.10479041916167664
842,TreeFiles/TreeTraining/tree842.dot,0.10479041916167664
79,TreeFiles/TreeTraining/treeRandom79.dot,0.10479041916167664
698,TreeFiles/TreeTraining/treeRandom698.dot,0.10479041916167664
101,TreeFiles/TreeTraining/tree101.dot,0.10179640718562874
176,TreeFiles/TreeTraining/treeRandom176.dot,0.10179640718562874
970,TreeFiles/TreeTraining/tree970.dot,0.10179640718562874
398,TreeFiles/TreeTraining/treeRandom398.dot,0.10179640718562874
400,TreeFiles/TreeTraining/tree400.dot,0.10179640718562874
133,TreeFiles/TreeTraining/tree133.dot,0.10179640718562874
318,TreeFiles/TreeTraining/treeRandom318.dot,0.10179640718562874
297,TreeFiles/TreeTraining/treeRandom297.dot,0.10179640718562874
290,TreeFiles/TreeTraining/tree290.dot,0.10179640718562874
598,TreeFiles/TreeTraining/treeRandom598.dot,0.10179640718562874
885,TreeFiles/TreeTraining/treeRandom885.dot,0.10179640718562874
762,TreeFiles/TreeTraining/tree762.dot,0.10179640718562874
211,TreeFiles/TreeTraining/tree211.dot,0.10179640718562874
98,TreeFiles/TreeTraining/treeRandom98.dot,0.09880239520958084
266,TreeFiles/TreeTraining/treeRandom266.dot,0.09880239520958084
905,TreeFiles/TreeTraining/treeRandom905.dot,0.09880239520958084
763,TreeFiles/TreeTraining/tree763.dot,0.09880239520958084
921,TreeFiles/TreeTraining/tree921.dot,0.09880239520958084
677,TreeFiles/TreeTraining/treeRandom677.dot,0.09880239520958084
639,TreeFiles/TreeTraining/treeRandom639.dot,0.09880239520958084
849,TreeFiles/TreeTraining/treeRandom849.dot,0.09880239520958084
930,TreeFiles/TreeTraining/tree930.dot,0.09880239520958084
959,TreeFiles/TreeTraining/treeRandom959.dot,0.09880239520958084
982,TreeFiles/TreeTraining/tree982.dot,0.09880239520958084
929,TreeFiles/TreeTraining/treeRandom929.dot,0.09880239520958084
1021,TreeFiles/TreeTraining/tree1021.dot,0.09580838323353294
309,TreeFiles/TreeTraining/treeRandom309.dot,0.09580838323353294
50,TreeFiles/TreeTraining/tree50.dot,0.09580838323353294
784,TreeFiles/TreeTraining/tree784.dot,0.09580838323353294
873,TreeFiles/TreeTraining/tree873.dot,0.09580838323353294
707,TreeFiles/TreeTraining/treeRandom707.dot,0.09580838323353294
1162,TreeFiles/TreeTraining/tree1162.dot,0.09580838323353294
518,TreeFiles/TreeTraining/treeRandom518.dot,0.09580838323353294
827,TreeFiles/TreeTraining/treeRandom827.dot,0.09281437125748503
9,TreeFiles/TreeTraining/treeRandom9.dot,0.09281437125748503
1007,TreeFiles/TreeTraining/treeRandom1007.dot,0.09281437125748503
834,TreeFiles/TreeTraining/tree834.dot,0.09281437125748503
29,TreeFiles/TreeTraining/treeRandom29.dot,0.09281437125748503
1142,TreeFiles/TreeTraining/tree1142.dot,0.09281437125748503
854,TreeFiles/TreeTraining/tree854.dot,0.09281437125748503
1103,TreeFiles/TreeTraining/tree1103.dot,0.09281437125748503
841,TreeFiles/TreeTraining/tree841.dot,0.08982035928143713
861,TreeFiles/TreeTraining/tree861.dot,0.08982035928143713
836,TreeFiles/TreeTraining/treeRandom836.dot,0.08982035928143713
605,TreeFiles/TreeTraining/treeRandom605.dot,0.08982035928143713
831,TreeFiles/TreeTraining/tree831.dot,0.08982035928143713
412,TreeFiles/TreeTraining/tree412.dot,0.08982035928143713
530,TreeFiles/TreeTraining/tree530.dot,0.08982035928143713
122,TreeFiles/TreeTraining/tree122.dot,0.08982035928143713
722,TreeFiles/TreeTraining/tree722.dot,0.08982035928143713
272,TreeFiles/TreeTraining/tree272.dot,0.08682634730538923
1146,TreeFiles/TreeTraining/treeRandom1146.dot,0.08682634730538923
355,TreeFiles/TreeTraining/treeRandom355.dot,0.08682634730538923
403,TreeFiles/TreeTraining/tree403.dot,0.08682634730538923
495,TreeFiles/TreeTraining/treeRandom495.dot,0.08682634730538923
720,TreeFiles/TreeTraining/tree720.dot,0.08682634730538923
658,TreeFiles/TreeTraining/treeRandom658.dot,0.08682634730538923
666,TreeFiles/TreeTraining/treeRandom666.dot,0.08682634730538923
40,TreeFiles/TreeTraining/tree40.dot,0.08682634730538923
754,TreeFiles/TreeTraining/tree754.dot,0.08682634730538923
871,TreeFiles/TreeTraining/tree871.dot,0.08682634730538923
376,TreeFiles/TreeTraining/treeRandom376.dot,0.08383233532934131
498,TreeFiles/TreeTraining/treeRandom498.dot,0.08383233532934131
565,TreeFiles/TreeTraining/treeRandom565.dot,0.08383233532934131
413,TreeFiles/TreeTraining/tree413.dot,0.08383233532934131
180,TreeFiles/TreeTraining/tree180.dot,0.08383233532934131
686,TreeFiles/TreeTraining/treeRandom686.dot,0.08383233532934131
206,TreeFiles/TreeTraining/treeRandom206.dot,0.08383233532934131
156,TreeFiles/TreeTraining/treeRandom156.dot,0.08383233532934131
544,TreeFiles/TreeTraining/tree544.dot,0.08383233532934131
1184,TreeFiles/TreeTraining/tree1184.dot,0.08083832335329341
878,TreeFiles/TreeTraining/treeRandom878.dot,0.08083832335329341
451,TreeFiles/TreeTraining/tree451.dot,0.08083832335329341
914,TreeFiles/TreeTraining/tree914.dot,0.08083832335329341
1126,TreeFiles/TreeTraining/treeRandom1126.dot,0.08083832335329341
689,TreeFiles/TreeTraining/treeRandom689.dot,0.08083832335329341
608,TreeFiles/TreeTraining/treeRandom608.dot,0.08083832335329341
235,TreeFiles/TreeTraining/treeRandom235.dot,0.08083832335329341
172,TreeFiles/TreeTraining/tree172.dot,0.08083832335329341
924,TreeFiles/TreeTraining/tree924.dot,0.08083832335329341
1138,TreeFiles/TreeTraining/treeRandom1138.dot,0.08083832335329341
913,TreeFiles/TreeTraining/tree913.dot,0.07784431137724551
630,TreeFiles/TreeTraining/tree630.dot,0.07784431137724551
886,TreeFiles/TreeTraining/treeRandom886.dot,0.07784431137724551
904,TreeFiles/TreeTraining/tree904.dot,0.07784431137724551
902,TreeFiles/TreeTraining/tree902.dot,0.07784431137724551
922,TreeFiles/TreeTraining/tree922.dot,0.07784431137724551
1105,TreeFiles/TreeTraining/treeRandom1105.dot,0.07784431137724551
893,TreeFiles/TreeTraining/tree893.dot,0.07784431137724551
149,TreeFiles/TreeTraining/treeRandom149.dot,0.07784431137724551
170,TreeFiles/TreeTraining/tree170.dot,0.07784431137724551
1097,TreeFiles/TreeTraining/treeRandom1097.dot,0.07784431137724551
248,TreeFiles/TreeTraining/treeRandom248.dot,0.07784431137724551
883,TreeFiles/TreeTraining/tree883.dot,0.07784431137724551
656,TreeFiles/TreeTraining/treeRandom656.dot,0.07784431137724551
1176,TreeFiles/TreeTraining/treeRandom1176.dot,0.07784431137724551
989,TreeFiles/TreeTraining/treeRandom989.dot,0.07784431137724551
475,TreeFiles/TreeTraining/treeRandom475.dot,0.07784431137724551
509,TreeFiles/TreeTraining/treeRandom509.dot,0.07784431137724551
513,TreeFiles/TreeTraining/tree513.dot,0.07784431137724551
514,TreeFiles/TreeTraining/tree514.dot,0.07784431137724551
1163,TreeFiles/TreeTraining/tree1163.dot,0.07784431137724551
955,TreeFiles/TreeTraining/treeRandom955.dot,0.07784431137724551
952,TreeFiles/TreeTraining/tree952.dot,0.07784431137724551
30,TreeFiles/TreeTraining/tree30.dot,0.07784431137724551
457,TreeFiles/TreeTraining/treeRandom457.dot,0.07784431137724551
38,TreeFiles/TreeTraining/treeRandom38.dot,0.07784431137724551
455,TreeFiles/TreeTraining/treeRandom455.dot,0.07784431137724551
1148,TreeFiles/TreeTraining/treeRandom1148.dot,0.07784431137724551
1177,TreeFiles/TreeTraining/treeRandom1177.dot,0.07784431137724551
446,TreeFiles/TreeTraining/treeRandom446.dot,0.07784431137724551
111,TreeFiles/TreeTraining/tree111.dot,0.07784431137724551
35,TreeFiles/TreeTraining/treeRandom35.dot,0.07784431137724551
879,TreeFiles/TreeTraining/treeRandom879.dot,0.07784431137724551
882,TreeFiles/TreeTraining/tree882.dot,0.07784431137724551
1170,TreeFiles/TreeTraining/tree1170.dot,0.07784431137724551
751,TreeFiles/TreeTraining/tree751.dot,0.07784431137724551
812,TreeFiles/TreeTraining/tree812.dot,0.07784431137724551
753,TreeFiles/TreeTraining/tree753.dot,0.07784431137724551
811,TreeFiles/TreeTraining/tree811.dot,0.07784431137724551
121,TreeFiles/TreeTraining/tree121.dot,0.07784431137724551
800,TreeFiles/TreeTraining/tree800.dot,0.07784431137724551
798,TreeFiles/TreeTraining/treeRandom798.dot,0.07784431137724551
760,TreeFiles/TreeTraining/tree760.dot,0.07784431137724551
761,TreeFiles/TreeTraining/tree761.dot,0.07784431137724551
1067,TreeFiles/TreeTraining/treeRandom1067.dot,0.07784431137724551
793,TreeFiles/TreeTraining/tree793.dot,0.07784431137724551
1187,TreeFiles/TreeTraining/treeRandom1187.dot,0.07784431137724551
874,TreeFiles/TreeTraining/tree874.dot,0.07784431137724551
1065,TreeFiles/TreeTraining/treeRandom1065.dot,0.07784431137724551
730,TreeFiles/TreeTraining/tree730.dot,0.07784431137724551
774,TreeFiles/TreeTraining/tree774.dot,0.07784431137724551
97,TreeFiles/TreeTraining/treeRandom97.dot,0.07784431137724551
772,TreeFiles/TreeTraining/tree772.dot,0.07784431137724551
771,TreeFiles/TreeTraining/tree771.dot,0.07784431137724551
750,TreeFiles/TreeTraining/tree750.dot,0.07784431137724551
830,TreeFiles/TreeTraining/tree830.dot,0.07784431137724551
733,TreeFiles/TreeTraining/tree733.dot,0.07784431137724551
845,TreeFiles/TreeTraining/treeRandom845.dot,0.07784431137724551
164,TreeFiles/TreeTraining/tree164.dot,0.07784431137724551
832,TreeFiles/TreeTraining/tree832.dot,0.07784431137724551
160,TreeFiles/TreeTraining/tree160.dot,0.07784431137724551
742,TreeFiles/TreeTraining/tree742.dot,0.07784431137724551
743,TreeFiles/TreeTraining/tree743.dot,0.07784431137724551
747,TreeFiles/TreeTraining/treeRandom747.dot,0.07784431137724551
821,TreeFiles/TreeTraining/tree821.dot,0.07784431137724551
820,TreeFiles/TreeTraining/tree820.dot,0.07784431137724551
139,TreeFiles/TreeTraining/treeRandom139.dot,0.0748502994011976
628,TreeFiles/TreeTraining/treeRandom628.dot,0.0748502994011976
703,TreeFiles/TreeTraining/tree703.dot,0.0748502994011976
944,TreeFiles/TreeTraining/tree944.dot,0.0748502994011976
957,TreeFiles/TreeTraining/treeRandom957.dot,0.0748502994011976
1144,TreeFiles/TreeTraining/tree1144.dot,0.0718562874251497
449,TreeFiles/TreeTraining/treeRandom449.dot,0.0718562874251497
726,TreeFiles/TreeTraining/treeRandom726.dot,0.0718562874251497
932,TreeFiles/TreeTraining/tree932.dot,0.0688622754491018
165,TreeFiles/TreeTraining/treeRandom165.dot,0.0688622754491018
360,TreeFiles/TreeTraining/tree360.dot,0.0688622754491018
900,TreeFiles/TreeTraining/tree900.dot,0.0688622754491018
1035,TreeFiles/TreeTraining/treeRandom1035.dot,0.0658682634730539
1049,TreeFiles/TreeTraining/treeRandom1049.dot,0.0658682634730539
88,TreeFiles/TreeTraining/treeRandom88.dot,0.06287425149700598
1152,TreeFiles/TreeTraining/tree1152.dot,0.06287425149700598
928,TreeFiles/TreeTraining/treeRandom928.dot,0.06287425149700598
783,TreeFiles/TreeTraining/tree783.dot,0.06287425149700598
510,TreeFiles/TreeTraining/tree510.dot,0.059880239520958084
709,TreeFiles/TreeTraining/treeRandom709.dot,0.05688622754491018
308,TreeFiles/TreeTraining/treeRandom308.dot,0.05688622754491018
158,TreeFiles/TreeTraining/treeRandom158.dot,0.05688622754491018
884,TreeFiles/TreeTraining/tree884.dot,0.05688622754491018
277,TreeFiles/TreeTraining/treeRandom277.dot,0.05389221556886228
1064,TreeFiles/TreeTraining/tree1064.dot,0.05389221556886228
66,TreeFiles/TreeTraining/treeRandom66.dot,0.05389221556886228
338,TreeFiles/TreeTraining/treeRandom338.dot,0.05389221556886228
568,TreeFiles/TreeTraining/treeRandom568.dot,0.05089820359281437
142,TreeFiles/TreeTraining/tree142.dot,0.05089820359281437
335,TreeFiles/TreeTraining/treeRandom335.dot,0.05089820359281437
1079,TreeFiles/TreeTraining/treeRandom1079.dot,0.04790419161676647
704,TreeFiles/TreeTraining/tree704.dot,0.041916167664670656
78,TreeFiles/TreeTraining/treeRandom78.dot,0.041916167664670656
862,TreeFiles/TreeTraining/tree862.dot,0.038922155688622756
407,TreeFiles/TreeTraining/treeRandom407.dot,0.038922155688622756
1076,TreeFiles/TreeTraining/treeRandom1076.dot,0.038922155688622756
1195,TreeFiles/TreeTraining/treeRandom1195.dot,0.038922155688622756
595,TreeFiles/TreeTraining/treeRandom595.dot,0.038922155688622756
484,TreeFiles/TreeTraining/tree484.dot,0.03592814371257485
710,TreeFiles/TreeTraining/tree710.dot,0.03592814371257485
83,TreeFiles/TreeTraining/tree83.dot,0.03592814371257485
428,TreeFiles/TreeTraining/treeRandom428.dot,0.03592814371257485
740,TreeFiles/TreeTraining/tree740.dot,0.03293413173652695
736,TreeFiles/TreeTraining/treeRandom736.dot,0.03293413173652695
427,TreeFiles/TreeTraining/treeRandom427.dot,0.03293413173652695
466,TreeFiles/TreeTraining/treeRandom466.dot,0.03293413173652695
819,TreeFiles/TreeTraining/treeRandom819.dot,0.03293413173652695
578,TreeFiles/TreeTraining/treeRandom578.dot,0.03293413173652695
1180,TreeFiles/TreeTraining/tree1180.dot,0.03293413173652695
951,TreeFiles/TreeTraining/tree951.dot,0.029940119760479042
931,TreeFiles/TreeTraining/tree931.dot,0.029940119760479042
1002,TreeFiles/TreeTraining/tree1002.dot,0.02694610778443114
717,TreeFiles/TreeTraining/treeRandom717.dot,0.02694610778443114
516,TreeFiles/TreeTraining/treeRandom516.dot,0.02694610778443114
93,TreeFiles/TreeTraining/tree93.dot,0.023952095808383235
1199,TreeFiles/TreeTraining/treeRandom1199.dot,0.020958083832335328
317,TreeFiles/TreeTraining/treeRandom317.dot,0.020958083832335328
418,TreeFiles/TreeTraining/treeRandom418.dot,0.017964071856287425
925,TreeFiles/TreeTraining/treeRandom925.dot,0.017964071856287425
1102,TreeFiles/TreeTraining/tree1102.dot,0.014970059880239521
537,TreeFiles/TreeTraining/treeRandom537.dot,0.014970059880239521
459,TreeFiles/TreeTraining/treeRandom459.dot,0.014970059880239521
679,TreeFiles/TreeTraining/treeRandom679.dot,0.014970059880239521
892,TreeFiles/TreeTraining/tree892.dot,0.014970059880239521
1188,TreeFiles/TreeTraining/treeRandom1188.dot,0.014970059880239521
1069,TreeFiles/TreeTraining/treeRandom1069.dot,0.011976047904191617
263,TreeFiles/TreeTraining/tree263.dot,0.011976047904191617
851,TreeFiles/TreeTraining/tree851.dot,0.008982035928143712
829,TreeFiles/TreeTraining/treeRandom829.dot,0.008982035928143712
185,TreeFiles/TreeTraining/treeRandom185.dot,0.005988023952095809
649,TreeFiles/TreeTraining/treeRandom649.dot,0.005988023952095809
1047,TreeFiles/TreeTraining/treeRandom1047.dot,0.005988023952095809
807,TreeFiles/TreeTraining/treeRandom807.dot,0.0029940119760479044
196,TreeFiles/TreeTraining/treeRandom196.dot,0.0029940119760479044
646,TreeFiles/TreeTraining/treeRandom646.dot,0.0029940119760479044
8,TreeFiles/TreeTraining/treeRandom8.dot,0.0029940119760479044
108,TreeFiles/TreeTraining/treeRandom108.dot,0.0029940119760479044
155,TreeFiles/TreeTraining/treeRandom155.dot,0.0
903,TreeFiles/TreeTraining/tree903.dot,0.0
1190,TreeFiles/TreeTraining/tree1190.dot,0.0
926,TreeFiles/TreeTraining/treeRandom926.dot,0.0
940,TreeFiles/TreeTraining/tree940.dot,0.0
984,TreeFiles/TreeTraining/tree984.dot,0.0
802,TreeFiles/TreeTraining/tree802.dot,0.0
